{"id":"anacarde-mali-2014","product":"Anacarde","country":"Mali","year":2014,"localCurrency":"CFA","environment":{"brief":["Sustainability of walnut and almond production and export sub-sectors.","Optimization of energy consumption to be sought for the embryonic juice sub-sector from cashew apples."],"impacts":{"mid-points":{"Global-warming":{"Agricultural-production":-154565235.678,"Collection":102549.907115,"Processing":198568.619229,"Retail":1924.33492,"Export":0,"Transport":3763849.3292988},"Stratospheric-ozone-depletion":{"Agricultural-production":28.90294639575,"Collection":0.056650125186,"Processing":1.63613197687,"Retail":0.001105149,"Export":0,"Transport":2.1820214281845},"Ionizing-radiation":{"Agricultural-production":32691.12756042,"Collection":17619.4683194,"Processing":4702.8165507,"Retail":297.30166,"Export":0,"Transport":565328.92152534},"Ozone-formation-human-health":{"Agricultural-production":4171.156200435,"Collection":470.61287818,"Processing":1503.91500265,"Retail":9.8170512,"Export":0,"Transport":19679.843720523},"x":{"Agricultural-production":-1,"Collection":-1,"Processing":-1,"Retail":-1,"Export":0,"Transport":-1}},"human-health":{"Global-warming-human-health":{"Agricultural-production":-143.4336813315,"Collection":0.095167188356,"Processing":0.184375752037,"Retail":0.00178580208,"Export":0,"Transport":3.4928912650716},"Stratospheric-ozone-depletion":{"Agricultural-production":0.01534480418499,"Collection":0.0000300577262171,"Processing":0.00086916969847,"Retail":5.8638192e-7,"Export":0,"Transport":0.00115776329416797},"Ionizing-radiation":{"Agricultural-production":0.0002773563184077,"Collection":0.000149479705486,"Processing":0.000039901212634,"Retail":0.00000252224244,"Export":0,"Transport":0.0047961276047286},"Ozone-formation-human-health":{"Agricultural-production":0.003793773513285,"Collection":0.00042826083775,"Processing":0.00136768300978,"Retail":0.000008933564,"Export":0,"Transport":0.017908744728378},"Fine-particulate-matter-formation":{"Agricultural-production":1.944441248358,"Collection":0.082726442617,"Processing":1.42965930651,"Retail":0.00155118196,"Export":0,"Transport":3.0334241805966},"Human-carcinogenic-toxicity":{"Agricultural-production":0.08672719829046,"Collection":0.0149955266767,"Processing":0.0148546092952,"Retail":0.000265783408,"Export":0,"Transport":0.51227955904419},"Human-non-carcinogenic-toxicity":{"Agricultural-production":0.09191459917395,"Collection":0.032245608235,"Processing":0.0261660881502,"Retail":0.0005226232,"Export":0,"Transport":0.98219875003257},"Water-consumption-human-health":{"Agricultural-production":0.05779269102957,"Collection":0.5582300364,"Processing":0.054504001302,"Retail":0.009398398,"Export":0,"Transport":17.8600960388172},"x":{"Agricultural-production":false,"Collection":false,"Processing":false,"Retail":false,"Export":0,"Transport":false}}}},"data":{"stages":[{"name":"Producers","description":"","index":0},{"name":"Collectors","description":"","index":1},{"name":"Processors","description":"","index":2},{"name":"Wholesalers","description":"","index":3},{"name":"Retailers","description":"","index":4},{"name":"Exporters","description":"","index":5}],"actors":[{"name":"Producteur","stage":"Producers","id":47,"numberOfActors":33694.3441636582,"directAddedValue":26344221965.3179,"publicFundsBalance":0,"netOperatingProfit":21143675982.2074,"totalCosts":7421124017.79263,"receivedAddedValue":21143675982.2074,"employment":{"tempMale":0,"tempFemale":0,"unskilledMale":1578034.68208093,"unskilledFemale":0,"skilledMale":0,"skilledFemale":0,"totalMale":1578034.68208093,"totalFemale":0,"totalTemp":0,"totalSkilled":0,"totalUnskilled":1578034.68208093,"total":1578034.68208093}},{"name":"MarcheExterieur Noix","stage":"Export","id":54,"receivedAddedValue":0},{"name":"Consommateur Jus","stage":"Consumer","id":55,"receivedAddedValue":0},{"name":"Consommateur Amande","stage":"Consumer","id":56,"receivedAddedValue":0},{"name":"Pisteur / Collecteur","stage":"Collectors","id":50,"numberOfActors":1,"directAddedValue":585446400,"publicFundsBalance":0,"netOperatingProfit":460051200,"totalCosts":27763948800,"receivedAddedValue":460051200,"employment":{"tempMale":241920,"tempFemale":0,"unskilledMale":0,"unskilledFemale":0,"skilledMale":0,"skilledFemale":0,"totalMale":241920,"totalFemale":0,"totalTemp":241920,"totalSkilled":0,"totalUnskilled":0,"total":241920}},{"name":"TransfAmandesManuel","stage":"Processors","id":48,"numberOfActors":1,"directAddedValue":23835000,"publicFundsBalance":0,"netOperatingProfit":10108875,"totalCosts":283891125,"receivedAddedValue":10108875,"employment":{"tempMale":27452.25,"tempFemale":0,"unskilledMale":0,"unskilledFemale":0,"skilledMale":0,"skilledFemale":0,"totalMale":27452.25,"totalFemale":0,"totalTemp":27452.25,"totalSkilled":0,"totalUnskilled":0,"total":27452.25}},{"name":"TransfAmandesUnité","stage":"Processors","id":49,"numberOfActors":25,"directAddedValue":276256000,"publicFundsBalance":0,"netOperatingProfit":-306144000,"totalCosts":1650144000,"receivedAddedValue":-306144000,"employment":{"tempMale":538214.4140625,"tempFemale":0,"unskilledMale":0,"unskilledFemale":0,"skilledMale":10857.7292413088,"skilledFemale":0,"totalMale":549072.1433038088,"totalFemale":0,"totalTemp":538214.4140625,"totalSkilled":10857.7292413088,"totalUnskilled":0,"total":549072.1433038088}},{"name":"TransfPomme","stage":"Processors","id":52,"numberOfActors":1,"directAddedValue":10870000,"publicFundsBalance":0,"netOperatingProfit":36666.640625,"totalCosts":30563333.359375,"receivedAddedValue":36666.640625,"employment":{"tempMale":16000,"tempFemale":0,"unskilledMale":0,"unskilledFemale":0,"skilledMale":0,"skilledFemale":0,"totalMale":16000,"totalFemale":0,"totalTemp":16000,"totalSkilled":0,"totalUnskilled":0,"total":16000}},{"name":"Grossiste / Exportateur Noix","stage":"Wholesalers","id":51,"numberOfActors":1,"directAddedValue":620121600,"publicFundsBalance":62899200,"netOperatingProfit":71164800,"totalCosts":30168835200,"receivedAddedValue":71164800,"employment":{"tempMale":966470.4,"tempFemale":0,"unskilledMale":0,"unskilledFemale":0,"skilledMale":0,"skilledFemale":0,"totalMale":966470.4,"totalFemale":0,"totalTemp":966470.4,"totalSkilled":0,"totalUnskilled":0,"total":966470.4}},{"name":"Grossiste / Exportateur Amandes","stage":"Exporters","id":53,"receivedAddedValue":0}],"flows":[{"sellerActorName":"Producteur","buyerActorName":"TransfAmandesManuel","volumeExchanged":336000,"monetaryValue":228480000,"unitPrice":680,"volumeUnit":"Kilogram","product":"Noix"},{"sellerActorName":"Producteur","buyerActorName":"TransfAmandesUnité","volumeExchanged":1344000,"monetaryValue":913920000,"unitPrice":680,"volumeUnit":"Kilogram","product":"Noix"},{"sellerActorName":"Producteur","buyerActorName":"Pisteur / Collecteur","volumeExchanged":40320000,"monetaryValue":27417600000,"unitPrice":680,"volumeUnit":"Kilogram","product":"Noix"},{"sellerActorName":"Producteur","buyerActorName":"TransfPomme","volumeExchanged":80000,"monetaryValue":4800000,"unitPrice":60,"volumeUnit":"Kilogram","product":"Pomme"},{"sellerActorName":"TransfAmandesManuel","buyerActorName":"Consommateur Amande","volumeExchanged":73500,"monetaryValue":294000000,"unitPrice":4000,"volumeUnit":"Kilogram","product":"Amande"},{"sellerActorName":"TransfAmandesUnité","buyerActorName":"Grossiste / Exportateur Amandes","volumeExchanged":268800,"monetaryValue":1344000000,"unitPrice":5000,"volumeUnit":"Kilogram","product":"Amande"},{"sellerActorName":"Pisteur / Collecteur","buyerActorName":"Grossiste / Exportateur Noix","volumeExchanged":40320000,"monetaryValue":28224000000,"unitPrice":700,"volumeUnit":"Kilogram","product":"Noix"},{"sellerActorName":"Grossiste / Exportateur Noix","buyerActorName":"MarcheExterieur Noix","volumeExchanged":40320000,"monetaryValue":30240000000,"unitPrice":750,"volumeUnit":"Kilogram","product":"Noix"},{"sellerActorName":"TransfPomme","buyerActorName":"Consommateur Jus","volumeExchanged":40000,"monetaryValue":30600000,