{"id":"milk-burundi-2020","product":"Milk","country":"Burundi","year":2020,"localCurrency":"MBIF","environment":{"brief":["Sustainability of walnut and almond production and export sub-sectors.","Optimization of energy consumption to be sought for the embryonic juice sub-sector from cashew apples."],"impacts":{"mid-points":{"Global-warming":{"Agricultural-production":-154565235.678,"Collection":102549.907115,"Processing":198568.619229,"Retail":1924.33492,"Export":0,"Transport":3763849.3292988},"Stratospheric-ozone-depletion":{"Agricultural-production":28.90294639575,"Collection":0.056650125186,"Processing":1.63613197687,"Retail":0.001105149,"Export":0,"Transport":2.1820214281845},"Ionizing-radiation":{"Agricultural-production":32691.12756042,"Collection":17619.4683194,"Processing":4702.8165507,"Retail":297.30166,"Export":0,"Transport":565328.92152534},"Ozone-formation-human-health":{"Agricultural-production":4171.156200435,"Collection":470.61287818,"Processing":1503.91500265,"Retail":9.8170512,"Export":0,"Transport":19679.843720523},"x":{"Agricultural-production":-1,"Collection":-1,"Processing":-1,"Retail":-1,"Export":0,"Transport":-1}},"human-health":{"Global-warming-human-health":{"Agricultural-production":-143.4336813315,"Collection":0.095167188356,"Processing":0.184375752037,"Retail":0.00178580208,"Export":0,"Transport":3.4928912650716},"Stratospheric-ozone-depletion":{"Agricultural-production":0.01534480418499,"Collection":0.0000300577262171,"Processing":0.00086916969847,"Retail":5.8638192e-7,"Export":0,"Transport":0.00115776329416797},"Ionizing-radiation":{"Agricultural-production":0.0002773563184077,"Collection":0.000149479705486,"Processing":0.000039901212634,"Retail":0.00000252224244,"Export":0,"Transport":0.0047961276047286},"Ozone-formation-human-health":{"Agricultural-production":0.003793773513285,"Collection":0.00042826083775,"Processing":0.00136768300978,"Retail":0.000008933564,"Export":0,"Transport":0.017908744728378},"Fine-particulate-matter-formation":{"Agricultural-production":1.944441248358,"Collection":0.082726442617,"Processing":1.42965930651,"Retail":0.00155118196,"Export":0,"Transport":3.0334241805966},"Human-carcinogenic-toxicity":{"Agricultural-production":0.08672719829046,"Collection":0.0149955266767,"Processing":0.0148546092952,"Retail":0.000265783408,"Export":0,"Transport":0.51227955904419},"Human-non-carcinogenic-toxicity":{"Agricultural-production":0.09191459917395,"Collection":0.032245608235,"Processing":0.0261660881502,"Retail":0.0005226232,"Export":0,"Transport":0.98219875003257},"Water-consumption-human-health":{"Agricultural-production":0.05779269102957,"Collection":0.5582300364,"Processing":0.054504001302,"Retail":0.009398398,"Export":0,"Transport":17.8600960388172},"x":{"Agricultural-production":false,"Collection":false,"Processing":false,"Retail":false,"Export":0,"Transport":false}}}},"data":{"stages":[{"name":"Producers","description":"","index":0},{"name":"Collectors","description":"","index":1},{"name":"Processors","description":"","index":2},{"name":"Wholesalers","description":"","index":3},{"name":"Retailers","description":"","index":4},{"name":"Exporters","description":"","index":5}],"actors":[{"name":"Agropastoral Divagation","stage":"Producers","id":1,"numberOfActors":59032.2576105036,"directAddedValue":11299.4207740072,"publicFundsBalance":-26.4823468169197,"netOperatingProfit":7136.67907444879,"totalCosts":6534.83174938913,"receivedAddedValue":7136.67907444879,"employment":{"tempMale":767135.966288091,"tempFemale":221289.221044642,"unskilledMale":0,"unskilledFemale":0,"skilledMale":0,"skilledFemale":0,"totalMale":767135.966288091,"totalFemale":221289.221044642,"totalTemp":988425.1873327331,"totalSkilled":0,"totalUnskilled":0,"total":988425.1873327331}},{"name":"Agropastoral Semipermanent","stage":"Producers","id":2,"numberOfActors":36666.6666666667,"directAddedValue":11652.9636018205,"publicFundsBalance":-421.571727842093,"netOperatingProfit":6223.03620036482,"totalCosts":15651.6151074102,"receivedAddedValue":6223.03620036482,"employment":{"tempMale":752885.310891548,"tempFemale":217178.45506487,"unskilledMale":0,"unskilledFemale":0,"skilledMale":0,"skilledFemale":0,"totalMale":752885.310891548,"totalFemale":217178.45506487,"totalTemp":970063.7659564181,"totalSkilled":0,"totalUnskilled":0,"total":970063.7659564181}},{"name":"Stabulation intégré","stage":"Producers","id":3,"numberOfActors":268800,"directAddedValue":31871.2544279418,"publicFundsBalance":-2615.48118178577,"netOperatingProfit":17444.1461494703,"totalCosts":31971.8098056063,"receivedAddedValue":17444.1461494703,"employment":{"tempMale":1806989.5428543,"tempFemale":521246.983515662,"unskilledMale":0,"unskilledFemale":0,"skilledMale":0,"skilledFemale":0,"totalMale":1806989.5428543,"totalFemale":521246.983515662,"totalTemp":2328236.526369962,"totalSkilled":0,"totalUnskilled":0,"total":2328236.526369962}},{"name":"Intensif diversification","stage":"Producers","id":4,"numberOfActors":638.297872340426,"directAddedValue":16615.9552980271,"publicFundsBalance":-224.312439614243,"netOperatingProfit":10941.9222699632,"totalCosts":23338.1766419304,"receivedAddedValue":10941.9222699632,"employment":{"tempMale":0,"tempFemale":0,"unskilledMale":607298.251305831,"unskilledFemale":0,"skilledMale":0,"skilledFemale":0,"totalMale":607298.251305831,"totalFemale":0,"totalTemp":0,"totalSkilled":0,"totalUnskilled":607298.251305831,"total":607298.251305831}},{"name":"Laiterie artisanale","stage":"Processing","id":10,"numberOfActors":64.8333333333333,"directAddedValue":1212.10334687714,"publicFundsBalance":3.31362839002792,"netOperatingProfit":724.285703542014,"totalCosts":14234.2380674905,"receivedAddedValue":724.285703542014,"employment":{"tempMale":117734.640866035,"tempFemale":90565.1061092797,"unskilledMale":0,"unskilledFemale":0,"skilledMale":0,"skilledFemale":0,"totalMale":117734.640866035,"totalFemale":90565.1061092797,"totalTemp":208299.7469753147,"totalSkilled":0,"totalUnskilled":0,"total":208299.7469753147}},{"name":"Consommateur Rural","stage":"Consumers","id":13,"receivedAddedValue":0},{"name":"Consommateur  CUS","stage":"Consumers","id":14,"receivedAddedValue":0},{"name":"Consommateur BujumB","stage":"Consumers","id":15,"receivedAddedValue":0},{"name":"Utilisateur Animaux","stage":"Consumers","id":16,"receivedAddedValue":0},{"name":"Centre de Collecte","stage":"Collectors","id":5,"numberOfActors":54.12,"directAddedValue":1050.22724277494,"publicFundsBalance":-21.647404116004,"netOperatingProfit":81.7521170353033,"totalCosts":15201.3152988309,"receivedAddedValue":81.7521170353033,"employment":{"tempMale":347670.319149328,"tempFemale":0,"unskilledMale":36215.6573452961,"unskilledFemale":19315.0172508246,"skilledMale":1241.67968041015,"skilledFemale":1448.62629381185,"totalMale":385127.65617503424,"totalFemale":20763.64354463645,"totalTemp":347670.319149328,"totalSkilled":2690.3059742220003,"totalUnskilled":55530.674596120705,"total":405891.2997196707}},{"name":"Collecteur","stage":"Collectors","id":8,"numberOfActors":5359.41666666667,"directAddedValue":5667.6329275322,"publicFundsBalance":0,"netOperatingProfit":5667.6329275322,"totalCosts":38588.1539915245,"receivedAddedValue":5667.6329275322,"employment":{"tempMale":0,"tempFemale":0,"unskilledMale":0,"unskilledFemale":0,"skilledMale":0,"skilledFemale":0,"totalMale":0,"totalFemale":0,"totalTemp":0,"totalSkilled":0,"totalUnskilled":0,"total":0}},{"name":"Laiterie industrielle","stage":"Processors","id":6,"numberOfActors":0.865833333333333,"directAddedValue":2513.52365401773,"publicFundsBalance":1170.04497396917,"netOperatingProfit":76.239689081148,"totalCosts":7196.24931158579,"receivedAddedValue":76.239689081148,"employment":{"tempMale":0,"tempFemale":0,"unskilledMale":39290.0395350325,"unskilledFemale":7619.8864036676,"skilledMale":1959.3993609431,"skilledFemale":1714.47448340464,"totalMale":41249.438895975596,"totalFemale":9334.36088707224,"totalTemp":0,"totalSkilled":3673.87384434774,